timestamp,topic,model,input_tokens,output_tokens,total_tokens
2026-07-09T00:27:53.002138+00:00,Why BMW engines sound different in sport mode,gpt-5.4-mini,94,138,232
2026-07-09T00:27:54.863280+00:00,3 weird facts about crocodiles,gpt-5.4-mini,92,128,220
2026-07-09T00:27:56.713501+00:00,Why people get tonsil stones,gpt-5.4-mini,92,136,228
2026-07-09T00:33:29.372201+00:00,Why BMW engines sound different in sport mode,gpt-5.4-mini,94,133,227
2026-07-09T00:37:59.028316+00:00,Why BMW engines sound different in sport mode,gpt-5.4-mini,94,163,257
2026-07-09T00:41:51.994525+00:00,Why BMW engines sound different in sport mode,gpt-5.4-mini,94,147,241
2026-07-09T00:51:36.859888+00:00,Why BMW engines sound different in sport mode,gpt-5.4-mini,94,144,238
2026-07-09T00:54:49.549779+00:00,Why BMW engines sound different in sport mode,gpt-5.4-mini,94,139,233
2026-07-09T10:57:28.306522+00:00,Why BMW engines sound different in sport mode,gpt-5.4-mini,94,159,253
